SensorDate,Settlement,Main_Dmg,geometry
2023-09-10,Ait Othmane,Possible damage,POINT (-8.406548401999942 31.160928797000054)
2023-09-10,Ait Othmane,Damage,POINT (-8.407284549999929 31.159854066000037)
2023-09-10,Ait Othmane,Damage,POINT (-8.406480685999952 31.16064700800007)
2023-09-10,Ait Othmane,Damage,POINT (-8.406312485999933 31.16063827000005)
2023-09-10,Ait Othmane,Possible damage,POINT (-8.406491607999953 31.160518128000035)
2023-09-10,Ait Othmane,Damage,POINT (-8.40619234299993 31.160644824000087)
2023-09-10,Ait Othmane,Possible damage,POINT (-8.406694757999958 31.159246799000073)
2023-09-10,Ait Othmane,Damage,POINT (-8.398450784999909 31.15947834700006)
2023-09-10,Ait Othmane,Damage,POINT (-8.398341563999907 31.15948053200009)
2023-09-10,Ait Othmane,Damage,POINT (-8.398321903999943 31.15955480200006)
2023-09-10,Ait Othmane,Damage,POINT (-8.393555515999935 31.158764044000065)
2023-09-10,Ait Othmane,Damage,POINT (-8.392358457999933 31.15854341900007)
2023-09-10,Ait Othmane,Damage,POINT (-8.39216622899994 31.158036635000087)
2023-09-10,Ait Othmane,Damage,POINT (-8.392041717999916 31.157949258000087)
2023-09-10,Ait Othmane,Damage,POINT (-8.39149998299996 31.15796454900004)
2023-09-10,Ait Othmane,Damage,POINT (-8.39107402299993 31.157254615000056)
2023-09-10,Ait Othmane,Possible damage,POINT (-8.391076206999912 31.157483978000073)
2023-09-10,Ait Othmane,Possible damage,POINT (-8.39115266199991 31.157737370000063)
2023-09-10,Ait Othmane,Possible damage,POINT (-8.391596097999923 31.157418446000065)
2023-09-10,Ait Othmane,Damage,POINT (-8.393221300999926 31.155308303000083)
2023-09-10,Ait Othmane,Damage,POINT (-8.392673012999921 31.155633781000063)
2023-09-10,Ait Othmane,Damage,POINT (-8.393485614999918 31.15512044400009)
2023-09-10,Ait Othmane,Damage,POINT (-8.393470323999907 31.155238402000066)
2023-09-10,Ait Othmane,Damage,POINT (-8.392520103999914 31.15511170600007)
2023-09-10,Ait Othmane,Damage,POINT (-8.39243272799996 31.15510733700006)
2023-09-10,Ait Othmane,Damage,POINT (-8.392477913999926 31.155003268000087)
2023-09-10,Ait Othmane,Damage,POINT (-8.393212562999906 31.155148841000084)
2023-09-10,Ait Othmane,Damage,POINT (-8.393303166999942 31.15501262500004)
2023-09-10,Ait Othmane,Damage,POINT (-8.393362723999928 31.15488469400009)
2023-09-10,Ait Othmane,Damage,POINT (-8.393834890999926 31.15500796300006)
2023-09-10,Ait Othmane,Damage,POINT (-8.393769358999918 31.15485942300006)
2023-09-10,Ait Othmane,Damage,POINT (-8.393640478999941 31.15483757900006)
2023-09-10,Ait Othmane,Damage,POINT (-8.393651400999943 31.154680302000088)
2023-09-10,Ait Othmane,Damage,POINT (-8.393590236999955 31.154568896000058)
2023-09-10,Ait Othmane,Damage,POINT (-8.393474298999934 31.154616627000053)
2023-09-10,Ait Othmane,Damage,POINT (-8.393240959999957 31.154476042000056)
2023-09-10,Ait Othmane,Damage,POINT (-8.39324969799992 31.154386481000074)
2023-09-10,Ait Othmane,Damage,POINT (-8.39310334199996 31.15526679900006)
2023-09-10,Ait Othmane,Damage,POINT (-8.393033440999943 31.155231849000074)
2023-09-10,Ait Othmane,Damage,POINT (-8.392873978999944 31.15519034500005)
2023-09-10,Ait Othmane,Damage,POINT (-8.392963505999944 31.15503505500004)
2023-09-10,Ait Othmane,Damage,POINT (-8.393059653999956 31.155074571000057)
2023-09-10,Ait Othmane,Damage,POINT (-8.39308805199994 31.15501340800006)
2023-09-10,Ait Othmane,Damage,POINT (-8.393095027999948 31.154794021000043)
2023-09-10,Ait Othmane,Damage,POINT (-8.393136531999914 31.15470664500009)
2023-09-10,Ait Othmane,Damage,POINT (-8.392640246999918 31.154722881000055)
2023-09-10,Ait Othmane,Damage,POINT (-8.393769358999918 31.154627876000063)
2023-09-10,Ait Othmane,Damage,POINT (-8.393386173999943 31.155060682000055)
2023-09-10,Ait Othmane,Damage,POINT (-8.393418939999947 31.154988597000056)
2023-09-10,Ait Othmane,Damage,POINT (-8.39353764699996 31.154981424000084)
2023-09-10,Ait Othmane,Damage,POINT (-8.39340915999992 31.154738172000066)
2023-09-10,Ait Othmane,Damage,POINT (-8.39334144299994 31.154749094000067)
2023-09-10,Ait Othmane,Damage,POINT (-8.393391684999926 31.154639873000065)
2023-09-10,Ait Othmane,Damage,POINT (-8.393238775999919 31.154652980000037)
2023-09-10,Ait Othmane,Damage,POINT (-8.39299630599993 31.154716327000074)
2023-09-10,Ait Othmane,Damage,POINT (-8.392825921999929 31.15479059800009)
2023-09-10,Ait Othmane,Damage,POINT (-8.39275383599994 31.15468793000008)
2023-09-10,Ait Othmane,Damage,POINT (-8.39289492499995 31.154701370000055)
2023-09-10,Ait Othmane,Damage,POINT (-8.39292422099993 31.15461584500008)
2023-09-10,Ait Othmane,Damage,POINT (-8.392537579999953 31.154731618000085)
2023-09-10,Ait Othmane,Damage,POINT (-8.392366508999942 31.15485472800009)
2023-09-10,Ait Othmane,Damage,POINT (-8.392231761999938 31.15501996100005)
2023-09-10,Ait Othmane,Damage,POINT (-8.392013319999933 31.154967535000083)
2023-09-10,Ait Othmane,Damage,POINT (-8.392225207999957 31.15485613000004)
2023-09-10,Ait Othmane,Damage,POINT (-8.392734176999909 31.155135735000044)
2023-09-10,Ait Othmane,Possible damage,POINT (-8.393780509999942 31.15527116800007)
2023-09-10,Ait Othmane,Possible damage,POINT (-8.39342008199992 31.155367282000043)
2023-09-10,Ait Othmane,Damage,POINT (-8.393197271999952 31.15486049900005)
2023-09-10,Ait Othmane,Damage,POINT (-8.392989752999938 31.15484957700005)
2023-09-10,Ait Othmane,Damage,POINT (-8.39276257399996 31.154958797000063)
2023-09-10,Ait Othmane,Possible damage,POINT (-8.392334428999959 31.15519908300007)
2023-09-10,Ait Othmane,Damage,POINT (-8.392512864999958 31.154898416000037)
2023-09-10,Ait Othmane,Damage,POINT (-8.392414565999957 31.15500545200007)
2023-09-10,Ait Othmane,Damage,POINT (-8.393491774999916 31.15484817500004)
2023-09-10,Ait Othmane,Damage,POINT (-8.392991903999928 31.154995736000046)
2023-09-10,Ait Othmane,Damage,POINT (-8.392659906999938 31.15509641500006)
2023-09-10,Ait Othmane,Damage,POINT (-8.392563791999919 31.15526024600007)
2023-09-10,Ait Othmane,Damage,POINT (-8.393994582999937 31.154141827000046)
2023-09-10,Ait Othmane,Damage,POINT (-8.393878808999943 31.15367436300005)
2023-09-10,Ait Othmane,Damage,POINT (-8.392373748999944 31.153811981000047)
2023-09-10,Ait Othmane,Possible damage,POINT (-8.392065745999957 31.153619752000054)
2023-09-10,Ait Othmane,Damage,POINT (-8.392795339999907 31.153309566000075)
2023-09-10,Ait Othmane,Damage,POINT (-8.392614033999905 31.153886251000074)
2023-09-10,Ait Othmane,Damage,POINT (-8.392493890999958 31.15392557000007)
2023-09-10,Ait Othmane,Possible damage,POINT (-8.392751651999959 31.153956152000035)
2023-09-10,Ait Othmane,Damage,POINT (-8.391333967999913 31.15249914900005)
2023-09-10,Ait Othmane,Damage,POINT (-8.391915021999921 31.152896712000086)
2023-09-10,Ait Othmane,Damage,POINT (-8.392205548999925 31.15290544900006)
2023-09-10,Ait Othmane,Possible damage,POINT (-8.39216186099992 31.15334451600006)
2023-09-10,Ait Othmane,Possible damage,POINT (-8.39402516499996 31.152942584000073)
2023-09-10,Ait Othmane,Damage,POINT (-8.39141260699995 31.152866130000064)
2023-09-10,Ait Othmane,Damage,POINT (-8.391539302999945 31.151902804000088)
2023-09-10,Ait Othmane,Damage,POINT (-8.391414790999931 31.151732420000087)
2023-09-10,Ait Othmane,Damage,POINT (-8.391342705999932 31.151603539000064)
2023-09-10,Ait Othmane,Damage,POINT (-8.390838105999933 31.152221728000086)
2023-09-10,Ait Othmane,Damage,POINT (-8.391209456999945 31.15181761200006)
2023-09-10,Ait Othmane,Damage,POINT (-8.39089926999992 31.15251225500009)
2023-09-10,Ait Othmane,Damage,POINT (-8.390868687999955 31.15242269400005)
2023-09-10,Ait Othmane,Damage,POINT (-8.391379840999946 31.15275909400009)
2023-09-10,Ait Othmane,Damage,POINT (-8.391351442999905 31.152354977000073)
2023-09-10,Ait Othmane,Damage,POINT (-8.392965723999907 31.154502255000068)
2023-09-10,Ait Othmane,Damage,POINT (-8.393435372999932 31.154288183000062)
2023-09-10,Ait Othmane,Damage,POINT (-8.392664274999959 31.154303474000073)
2023-09-10,Ait Othmane,Possible damage,POINT (-8.392373748999944 31.154469489000064)
2023-09-10,Ait Othmane,Damage,POINT (-8.393140476999918 31.15442143200005)
2023-09-10,Ait Othmane,Damage,POINT (-8.392734176999909 31.154635504000055)
2023-09-10,Ait Othmane,Possible damage,POINT (-8.392458940999916 31.15424667900004)
2023-09-10,Ait Othmane,Possible damage,POINT (-8.39273854499993 31.155461212000034)
2023-09-10,Ait Othmane,Possible damage,POINT (-8.392858687999933 31.15542189300004)
2023-09-10,Ait Othmane,Damage,POINT (-8.393607711999948 31.154890005000084)
2023-09-10,Ait Othmane,Possible damage,POINT (-8.393913759999919 31.15433405500005)
2023-09-10,Ait Othmane,Possible damage,POINT (-8.393435372999932 31.154460751000045)
2023-09-10,Ait Othmane,Possible damage,POINT (-8.393140476999918 31.154285998000034)
2023-09-10,Ait Othmane,Damage,POINT (-8.388460367999926 31.163356922000048)
2023-09-10,Ait Othmane,Damage,POINT (-8.387123235999923 31.16359054800006)
2023-09-10,Ait Othmane,Damage,POINT (-8.385609641999906 31.162912040000037)
2023-09-10,Ait Othmane,Possible damage,POINT (-8.385950137999941 31.163036309000063)
2023-09-10,Ait Othmane,Possible damage,POINT (-8.386101745999952 31.16229566700008)
2023-09-10,Ait Othmane,Damage,POINT (-8.385798529999931 31.162454731000082)
2023-09-10,Ait Othmane,Damage,POINT (-8.38572148399993 31.162109264000037)
2023-09-10,Ait Othmane,Damage,POINT (-8.385562419999928 31.162176369000065)
2023-09-10,Ait Othmane,Damage,POINT (-8.385783617999948 31.161860726000043)
2023-09-10,Ait Othmane,Damage,POINT (-8.38566183499995 31.16170911800009)
2023-09-10,Ait Othmane,Damage,POINT (-8.385415782999928 31.161870667000073)
2023-09-10,Ait Othmane,Damage,POINT (-8.385095168999953 31.16198250900004)
2023-09-10,Ait Othmane,Damage,POINT (-8.385182156999917 31.161813504000065)
2023-09-10,Ait Othmane,Damage,POINT (-8.385087712999905 31.161738942000056)
2023-09-10,Ait Othmane,Damage,POINT (-8.38528654299995 31.16168923500004)
2023-09-10,Ait Othmane,Damage,POINT (-8.385177185999908 31.161582364000083)
2023-09-10,Ait Othmane,Damage,POINT (-8.385972506999906 31.16169669100009)
2023-09-10,Ait Othmane,Damage,POINT (-8.385805986999912 31.161594791000084)
2023-09-10,Ait Othmane,Damage,POINT (-8.386715633999927 31.161656925000045)
2023-09-10,Ait Othmane,Damage,POINT (-8.38666344099994 31.16118718900009)
2023-09-10,Ait Othmane,Damage,POINT (-8.386705692999953 31.161358680000035)
2023-09-10,Ait Othmane,Damage,POINT (-8.386486979999916 31.161353709000082)
2023-09-10,Ait Othmane,Damage,POINT (-8.386477037999953 31.161122569000042)
2023-09-10,Ait Othmane,Damage,POINT (-8.386578938999946 31.16104303700007)
2023-09-10,Ait Othmane,Damage,POINT (-8.38645218399995 31.160893915000088)
2023-09-10,Ait Othmane,Damage,POINT (-8.38638259399994 31.160993330000053)
2023-09-10,Ait Othmane,Damage,POINT (-8.386668411999949 31.160794499000076)
2023-09-10,Ait Othmane,Damage,POINT (-8.38659385099993 31.160874032000038)
2023-09-10,Ait Othmane,Damage,POINT (-8.386688294999942 31.160650348000047)
2023-09-10,Ait Othmane,Damage,POINT (-8.386370166999939 31.161154879000037)
2023-09-10,Ait Othmane,Damage,POINT (-8.386327915999914 31.161057949000053)
2023-09-10,Ait Othmane,Damage,POINT (-8.386213587999919 31.161294060000046)
2023-09-10,Ait Othmane,Damage,POINT (-8.385818412999924 31.16141335800006)
2023-09-10,Ait Othmane,Damage,POINT (-8.386037126999952 31.16148294900006)
2023-09-10,Ait Othmane,Damage,POINT (-8.385512711999922 31.161505317000035)
2023-09-10,Ait Othmane,Damage,POINT (-8.385398384999917 31.161602247000076)
2023-09-10,Ait Othmane,Damage,POINT (-8.385371045999932 31.161433241000054)
2023-09-10,Ait Othmane,Damage,POINT (-8.385204525999939 31.161351224000043)
2023-09-10,Ait Othmane,Damage,POINT (-8.38535613299996 31.161246838000068)
2023-09-10,Ait Othmane,Damage,POINT (-8.385463004999906 31.16118718900009)
2023-09-10,Ait Othmane,Damage,POINT (-8.38527163099991 31.16118967400007)
2023-09-10,Ait Othmane,Damage,POINT (-8.386119143999906 31.160709997000083)
2023-09-10,Ait Othmane,Damage,POINT (-8.386096775999931 31.16087900200006)
2023-09-10,Ait Othmane,Damage,POINT (-8.386037126999952 31.160975932000042)
2023-09-10,Ait Othmane,Damage,POINT (-8.38594268199995 31.161013213000047)
2023-09-10,Ait Othmane,Damage,POINT (-8.385935225999958 31.160787043000084)
2023-09-10,Ait Othmane,Damage,POINT (-8.385897944999954 31.16089888500005)
2023-09-10,Ait Othmane,Damage,POINT (-8.385833325999954 31.160975932000042)
2023-09-10,Ait Othmane,Damage,POINT (-8.385736395999913 31.160926224000036)
2023-09-10,Ait Othmane,Damage,POINT (-8.385545021999917 31.160918768000045)
2023-09-10,Ait Othmane,Damage,POINT (-8.385415782999928 31.160926224000036)
2023-09-10,Ait Othmane,Damage,POINT (-8.38520701099992 31.160953564000067)
2023-09-10,Ait Othmane,Damage,POINT (-8.385241805999954 31.160849178000035)
2023-09-10,Ait Othmane,Damage,POINT (-8.385425723999958 31.160811897000087)
2023-09-10,Ait Othmane,Damage,POINT (-8.386367681999957 31.160431635000066)
2023-09-10,Ait Othmane,Damage,POINT (-8.385967535999953 31.160478857000044)
2023-09-10,Ait Othmane,Damage,POINT (-8.385935225999958 31.160660289000077)
2023-09-10,Ait Othmane,Damage,POINT (-8.385768705999908 31.16037447100007)
2023-09-10,Ait Othmane,Damage,POINT (-8.385090197999943 31.161468036000088)
2023-09-10,Ait Othmane,Damage,POINT (-8.384906279999939 31.161403417000088)
2023-09-10,Ait Othmane,Damage,POINT (-8.384896338999908 31.161239382000076)
2023-09-10,Ait Othmane,Damage,POINT (-8.384841660999939 31.160931195000046)
2023-09-10,Ait Othmane,Damage,POINT (-8.384677625999927 31.16081686800004)
2023-09-10,Ait Othmane,Damage,POINT (-8.384871484999906 31.160801956000057)
2023-09-10,Ait Othmane,Damage,POINT (-8.385035519999917 31.160705026000073)
2023-09-10,Ait Othmane,Damage,POINT (-8.38492864899996 31.16053353500007)
2023-09-10,Ait Othmane,Damage,POINT (-8.384732303999954 31.160439091000057)
2023-09-10,Ait Othmane,Damage,POINT (-8.384603063999919 31.162101807000056)
2023-09-10,Ait Othmane,Damage,POINT (-8.38482674799991 31.161972568000067)
2023-09-10,Ait Othmane,Damage,POINT (-8.384598093999955 31.161577393000073)
2023-09-10,Ait Othmane,Damage,POINT (-8.38491373699992 31.161604732000058)
2023-09-10,Ait Othmane,Damage,POINT (-8.384883911999907 31.161651954000035)
2023-09-10,Ait Othmane,Damage,POINT (-8.384834203999958 31.16170166200004)
2023-09-10,Ait Othmane,Damage,POINT (-8.38470744999995 31.161428270000044)
2023-09-10,Ait Othmane,Damage,POINT (-8.384670169999936 31.161530171000038)
2023-09-10,Ait Othmane,Damage,POINT (-8.384757157999957 31.16162958600006)
2023-09-10,Ait Othmane,Damage,POINT (-8.384816806999936 31.161142452000036)
2023-09-10,Ait Othmane,Damage,POINT (-8.38513990599995 31.161090259000048)
2023-09-10,Ait Othmane,Damage,POINT (-8.38638259399994 31.161721545000034)
2023-09-10,Ait Othmane,Possible damage,POINT (-8.386432300999957 31.161825931000067)
2023-09-10,Ait Othmane,Damage,POINT (-8.385756278999906 31.161144938000064)
2023-09-10,Ait Othmane,Damage,POINT (-8.386186248999934 31.160222863000058)
2023-09-10,Ait Othmane,Possible damage,POINT (-8.386081862999959 31.160118477000083)
2023-09-10,Ait Othmane,Possible damage,POINT (-8.384732303999954 31.160071255000048)
2023-09-10,Ait Othmane,Possible damage,POINT (-8.384799408999925 31.160026518000052)
2023-09-10,Ait Othmane,Damage,POINT (-8.386136541999917 31.161092745000076)
2023-09-10,Ait Othmane,Damage,POINT (-8.386255839999933 31.161204587000043)
2023-09-10,Ait Othmane,Damage,POINT (-8.386101745999952 31.161169791000077)
2023-09-10,Ait Othmane,Damage,POINT (-8.38608434899993 31.16132885500008)
2023-09-10,Ait Othmane,Possible damage,POINT (-8.386482629999932 31.16216735900008)
2023-09-10,Ait Othmane,Possible damage,POINT (-8.386181277999924 31.16184829900004)
2023-09-10,Ait Othmane,Damage,POINT (-8.385604670999953 31.161972568000067)
2023-09-10,Ait Othmane,Damage,POINT (-8.385686688999954 31.161890550000066)
2023-09-10,Ait Othmane,Damage,POINT (-8.385159788999943 31.161661896000055)
2023-09-10,Ait Othmane,Damage,POINT (-8.38500072499994 31.160926224000036)
2023-09-10,Ait Othmane,Damage,POINT (-8.385020607999934 31.160851663000074)
2023-09-10,Ait Othmane,Possible damage,POINT (-8.386960287999955 31.163848872000074)
2023-09-10,Ait Othmane,Possible damage,POINT (-8.387498527999924 31.164418178000062)
2023-09-10,Ait Othmane,Damage,POINT (-8.38339020099994 31.163709846000074)
2023-09-10,Ait Othmane,Damage,POINT (-8.383201311999926 31.163540840000053)
2023-09-10,Ait Othmane,Damage,POINT (-8.383566662999954 31.163630314000045)
2023-09-10,Ait Othmane,Damage,POINT (-8.38324356399994 31.163722273000076)
2023-09-10,Ait Othmane,Damage,POINT (-8.38466786899994 31.162386953000066)
2023-09-10,Ait Othmane,Possible damage,POINT (-8.383754325999917 31.157068347000063)
2023-09-10,Ait Othmane,Damage,POINT (-8.383031581999944 31.15703059100008)
2023-09-10,Ait Othmane,Damage,POINT (-8.383055852999917 31.15680945300005)
2023-09-10,Ait Othmane,Damage,POINT (-8.38389455999993 31.15642650700005)
2023-09-10,Ait Othmane,Damage,POINT (-8.379199420999953 31.15017261400004)
2023-09-10,Ait Othmane,Damage,POINT (-8.378312171999937 31.149393237000083)
2023-09-10,Ait Othmane,Possible damage,POINT (-8.37923178199992 31.150331726000047)
2023-09-10,Ait Othmane,Possible damage,POINT (-8.368150606999961 31.14745153700005)
2023-09-10,Ait Othmane,Damage,POINT (-8.335243032999927 31.162101102000065)
2023-09-10,Ait Othmane,Possible damage,POINT (-8.336700505999943 31.160468731000037)
2023-09-10,Ait Othmane,Damage,POINT (-8.331751231999931 31.160649765000073)
2023-09-10,Ait Othmane,Damage,POINT (-8.33089822699992 31.16137389900007)
2023-09-10,Ait Othmane,Damage,POINT (-8.331195857999944 31.16141378800006)
2023-09-10,Ait Othmane,Damage,POINT (-8.331459737999921 31.161152977000086)
2023-09-10,Ait Othmane,Damage,POINT (-8.331155968999951 31.16130332700004)
2023-09-10,Ait Othmane,Damage,POINT (-8.331254156999933 31.16111002000008)
2023-09-10,Ait Othmane,Damage,POINT (-8.329634059999933 31.16138617200005)
2023-09-10,Ait Othmane,Damage,POINT (-8.32968008599994 31.161245028000053)
2023-09-10,Ait Othmane,Damage,POINT (-8.329937827999913 31.161515044000055)
2023-09-10,Ait Othmane,Damage,POINT (-8.329986921999932 31.161662325000066)
2023-09-10,Ait Othmane,Damage,POINT (-8.32983657199992 31.161671530000035)
2023-09-10,Ait Othmane,Damage,POINT (-8.329977716999906 31.161361626000087)
2023-09-10,Ait Othmane,Damage,POINT (-8.33006976799993 31.161426061000043)
2023-09-10,Ait Othmane,Damage,POINT (-8.330192502999921 31.161426061000043)
2023-09-10,Ait Othmane,Damage,POINT (-8.330364330999942 31.161573343000043)
2023-09-10,Ait Othmane,Damage,POINT (-8.330195570999933 31.16205507600006)
2023-09-10,Ait Othmane,Possible damage,POINT (-8.330315236999922 31.16223917800005)
2023-09-10,Ait Othmane,Damage,POINT (-8.329701563999947 31.161907795000047)
2023-09-10,Ait Othmane,Possible damage,POINT (-8.329557350999949 31.161159113000053)
2023-09-10,Ait Othmane,Damage,POINT (-8.329428479999933 31.16231281900008)
2023-09-10,Ait Othmane,Damage,POINT (-8.329287334999947 31.16220235800006)
2023-09-10,Ait Othmane,Damage,POINT (-8.329416205999905 31.162457032000077)
2023-09-10,Ait Othmane,Damage,POINT (-8.329345633999935 31.16210723800009)
2023-09-10,Ait Othmane,Damage,POINT (-8.329495983999948 31.16220542600007)
2023-09-10,Ait Othmane,Possible damage,POINT (-8.329735315999926 31.16165618900004)
2023-09-10,Ait Othmane,Possible damage,POINT (-8.329011181999931 31.162012119000053)
2023-09-10,Ait Othmane,Possible damage,POINT (-8.332340358999943 31.16300933800005)
2023-09-10,Ait Othmane,Possible damage,POINT (-8.328158175999931 31.163024680000035)
2023-09-10,Ait Othmane,Possible damage,POINT (-8.328965155999924 31.161772787000075)
2023-09-10,Ait Othmane,Possible damage,POINT (-8.327654963999919 31.162604314000077)
2023-09-10,Ait Othmane,Possible damage,POINT (-8.323424834999912 31.172643323000045)
2023-09-10,Ait Othmane,Damage,POINT (-8.323230323999951 31.18575265600009)
2023-09-10,Ait Othmane,Possible damage,POINT (-8.370025849999934 31.188007149000043)
2023-09-10,Ait Othmane,Damage,POINT (-8.405992601999912 31.176476153000067)
2023-09-10,Ait Othmane,Damage,POINT (-8.397403849999932 31.183228709000048)
2023-09-10,Ait Othmane,Damage,POINT (-8.397109084999954 31.183431529000075)
2023-09-10,Ait Othmane,Damage,POINT (-8.396979279999925 31.183393669000054)
2023-09-10,Ait Othmane,Damage,POINT (-8.39713071899996 31.183588376000046)
2023-09-10,Ait Othmane,Possible damage,POINT (-8.396868404999907 31.183536995000054)
2023-09-10,Ait Othmane,Possible damage,POINT (-8.397552584999914 31.183647870000073)
2023-09-10,Ait Othmane,Damage,POINT (-8.397520132999944 31.18356674200004)
2023-09-10,Ait Othmane,Damage,POINT (-8.39747686499993 31.183474797000088)
2023-09-10,Ait Othmane,Damage,POINT (-8.397173986999917 31.183361218000073)
2023-09-10,Ait Othmane,Damage,POINT (-8.397090154999944 31.18328549800009)
2023-09-10,Ait Othmane,Possible damage,POINT (-8.397409257999925 31.183850690000043)
2023-09-10,Ait Othmane,Possible damage,POINT (-8.39793064099996 31.18371850500006)
2023-09-10,Ait Othmane,Possible damage,POINT (-8.397819873999936 31.18359389300008)
2023-09-10,Ait Othmane,Possible damage,POINT (-8.397821604999933 31.181608744000073)
2023-09-10,Ait Othmane,Damage,POINT (-8.379499067999916 31.099597617000086)
2023-09-10,Ait Othmane,Damage,POINT (-8.380549166999913 31.10128841100004)
2023-09-10,Ait Othmane,Damage,POINT (-8.380556296999941 31.101395367000066)
2023-09-10,Ait Othmane,Damage,POINT (-8.380394674999934 31.10124562900006)
2023-09-10,Ait Othmane,Possible damage,POINT (-8.381183771999929 31.101480932000072)
2023-09-10,Ait Othmane,Damage,POINT (-8.378364889999943 31.101820814000064)
2023-09-10,Ait Othmane,Possible damage,POINT (-8.378279325999927 31.101854089000085)
2023-09-10,Ait Othmane,Possible damage,POINT (-8.380872410999928 31.10666948000005)
2023-09-10,Ait Othmane,Possible damage,POINT (-8.378588308999952 31.106350989000077)
2023-09-10,Ait Othmane,Damage,POINT (-8.37897334999991 31.10548108200004)
2023-09-10,Ait Othmane,Possible damage,POINT (-8.378490860999932 31.10576629700006)
2023-09-10,Ait Othmane,Possible damage,POINT (-8.378880654999932 31.10573064500005)
2023-09-10,Ait Othmane,Possible damage,POINT (-8.376648842999941 31.10575203600007)
2023-09-10,Ait Othmane,Damage,POINT (-8.371365221999952 31.10689052200007)
2023-09-10,Ait Othmane,Possible damage,POINT (-8.370079374999932 31.10618936700007)
2023-09-10,Ait Othmane,Possible damage,POINT (-8.369911762999948 31.107274803000053)
2023-09-10,Ait Othmane,Possible damage,POINT (-8.370374097999957 31.106966580000062)
2023-09-10,Ait Othmane,Possible damage,POINT (-8.36972523199995 31.108383151000055)
2023-09-10,Ait Othmane,Damage,POINT (-8.369544595999912 31.108069414000056)
2023-09-10,Ait Othmane,Damage,POINT (-8.36942100199991 31.108088428000087)
2023-09-10,Ait Othmane,Possible damage,POINT (-8.369746622999912 31.10817161600005)
2023-09-10,Ait Othmane,Damage,POINT (-8.368881468999916 31.108352253000078)
2023-09-10,Ait Othmane,Damage,POINT (-8.369527957999935 31.10792680600008)
2023-09-10,Ait Othmane,Possible damage,POINT (-8.369623029999957 31.10794819700004)
2023-09-10,Ait Othmane,Damage,POINT (-8.369687202999955 31.108069414000056)
2023-09-10,Ait Othmane,Possible damage,POINT (-8.369661058999952 31.108009994000042)
2023-09-10,Ait Othmane,Possible damage,POINT (-8.369917752999925 31.107841241000074)
2023-09-10,Ait Othmane,Possible damage,POINT (-8.368443852999917 31.109617374000038)
2023-09-10,Ait Othmane,Possible damage,POINT (-8.369259189999923 31.10739041000005)
2023-09-10,Ait Othmane,Possible damage,POINT (-8.369078172999934 31.10761858300009)
2023-09-10,Ait Othmane,Possible damage,POINT (-8.365220863999923 31.111018251000075)
2023-09-10,Ait Othmane,Damage,POINT (-8.362240129999918 31.111302368000054)
2023-09-10,Ait Othmane,Damage,POINT (-8.362200253999958 31.111486795000076)
2023-09-10,Ait Othmane,Damage,POINT (-8.361268151999923 31.110390204000055)
2023-09-10,Ait Othmane,Damage,POINT (-8.361018926999918 31.110360297000057)
2023-09-10,Ait Othmane,Damage,POINT (-8.361083724999958 31.110445033000076)
2023-09-10,Ait Othmane,Damage,POINT (-8.360899297999936 31.109986459000083)
2023-09-10,Ait Othmane,Damage,POINT (-8.360662533999914 31.109881784000038)
2023-09-10,Ait Othmane,Damage,POINT (-8.360276234999958 31.110599553000043)
2023-09-10,Ait Othmane,Damage,POINT (-8.36138279499994 31.110357805000035)
2023-09-10,Ait Othmane,Damage,POINT (-8.361452578999945 31.110253130000046)
2023-09-10,Ait Othmane,Damage,POINT (-8.361427655999933 31.11006371900004)
2023-09-10,Ait Othmane,Possible damage,POINT (-8.361131077999914 31.11002384300008)
2023-09-10,Ait Othmane,Damage,POINT (-8.360827022999956 31.110158424000076)
2023-09-10,Ait Othmane,Possible damage,POINT (-8.360757239999941 31.110058734000063)
2023-09-10,Ait Othmane,Possible damage,POINT (-8.36066004199995 31.11025811400009)
2023-09-10,Ait Othmane,Possible damage,POINT (-8.360752255999955 31.109734741000068)
2023-09-10,Ait Othmane,Damage,POINT (-8.359875591999923 31.11254501600007)
2023-09-10,Ait Othmane,Damage,POINT (-8.359104300999945 31.112216083000078)
2023-09-10,Ait Othmane,Damage,POINT (-8.359302794999905 31.112201905000063)
2023-09-10,Ait Othmane,Damage,POINT (-8.359257424999953 31.112278467000067)
2023-09-10,Ait Othmane,Possible damage,POINT (-8.35929712299992 31.112366372000054)
2023-09-10,Ait Othmane,Damage,POINT (-8.358953331999942 31.10785488500005)
2023-09-10,Ait Othmane,Damage,POINT (-8.358436112999925 31.10801640300008)
2023-09-10,Ait Othmane,Damage,POINT (-8.358519593999915 31.10812529100008)
2023-09-10,Ait Othmane,Damage,POINT (-8.358880739999961 31.10787121800007)
2023-09-10,Ait Othmane,Possible damage,POINT (-8.359171107999941 31.10802184700009)
2023-09-10,Ait Othmane,Damage,POINT (-8.359697400999949 31.10804543900008)
2023-09-10,Ait Othmane,Damage,POINT (-8.35952317999994 31.10804362500005)
2023-09-10,Ait Othmane,Damage,POINT (-8.35945784699993 31.107626220000043)
2023-09-10,Ait Othmane,Possible damage,POINT (-8.35965203099994 31.10790932900005)
2023-09-10,Ait Othmane,Possible damage,POINT (-8.358330853999917 31.10802547700007)
2023-09-10,Ait Othmane,Possible damage,POINT (-8.358851702999914 31.10779318200008)
2023-09-10,Ait Othmane,Damage,POINT (-8.358267789999957 31.107214033000048)
2023-09-10,Ait Othmane,Damage,POINT (-8.358385297999916 31.107448369000053)
2023-09-10,Ait Othmane,Damage,POINT (-8.358523222999906 31.107448369000053)
2023-09-10,Ait Othmane,Damage,POINT (-8.358521408999934 31.107326777000083)
2023-09-10,Ait Othmane,Damage,POINT (-8.358574037999915 31.107205186000044)
2023-09-10,Ait Othmane,Damage,POINT (-8.358534111999916 31.107132594000063)
2023-09-10,Ait Othmane,Damage,POINT (-8.358214706999945 31.107341296000072)
2023-09-10,Ait Othmane,Damage,POINT (-8.358401631999925 31.107265074000054)
2023-09-10,Ait Othmane,Damage,POINT (-8.358383483999944 31.107373962000054)
2023-09-10,Ait Othmane,Damage,POINT (-8.358532296999954 31.107029150000074)
2023-09-10,Ait Othmane,Damage,POINT (-8.358401631999925 31.107021891000045)
2023-09-10,Ait Othmane,Damage,POINT (-8.358074966999936 31.106836781000084)
2023-09-10,Ait Othmane,Damage,POINT (-8.358554074999915 31.106747855000037)
2023-09-10,Ait Othmane,Damage,POINT (-8.358530482999925 31.106844040000055)
2023-09-10,Ait Othmane,Damage,POINT (-8.358336298999916 31.106727892000038)
2023-09-10,Ait Othmane,Damage,POINT (-8.358461519999935 31.106637152000076)
2023-09-10,Ait Othmane,Damage,POINT (-8.358314520999954 31.106873077000046)
2023-09-10,Ait Othmane,Damage,POINT (-8.358280039999954 31.106960187000084)
2023-09-10,Ait Othmane,Damage,POINT (-8.358120336999946 31.106983780000064)
2023-09-10,Ait Othmane,Damage,POINT (-8.357906189999937 31.106811373000085)
2023-09-10,Ait Othmane,Damage,POINT (-8.358621222999943 31.106557301000066)
2023-09-10,Ait Othmane,Damage,POINT (-8.358466963999945 31.106533709000075)
2023-09-10,Ait Othmane,Damage,POINT (-8.358463334999954 31.106388524000067)
2023-09-10,Ait Othmane,Damage,POINT (-8.358123966999926 31.106655300000057)
2023-09-10,Ait Othmane,Damage,POINT (-8.358269150999945 31.106580893000057)
2023-09-10,Ait Othmane,Damage,POINT (-8.358296372999916 31.106493783000076)
2023-09-10,Ait Othmane,Damage,POINT (-8.358341742999926 31.106276006000087)
2023-09-10,Ait Othmane,Damage,POINT (-8.357958819999908 31.106564560000038)
2023-09-10,Ait Othmane,Damage,POINT (-8.358016892999956 31.106473820000076)
2023-09-10,Ait Othmane,Damage,POINT (-8.35782452399991 31.106698856000037)
2023-09-10,Ait Othmane,Possible damage,POINT (-8.357953374999909 31.106684337000047)
2023-09-10,Ait Othmane,Damage,POINT (-8.358363520999944 31.10635222800005)
2023-09-10,Ait Othmane,Damage,POINT (-8.358074966999936 31.10629778400005)
2023-09-10,Ait Othmane,Damage,POINT (-8.358557704999953 31.10615804400004)
2023-09-10,Ait Othmane,Damage,POINT (-8.357868079999946 31.106499227000086)
2023-09-10,Ait Othmane,Damage,POINT (-8.358623037999905 31.106842225000037)
2023-09-10,Ait Othmane,Possible damage,POINT (-8.358167521999917 31.106484709000085)
2023-09-10,Ait Othmane,Damage,POINT (-8.358352631999935 31.106087267000078)
2023-09-10,Ait Othmane,Damage,POINT (-8.348707324999907 31.10152647400008)
2023-09-10,Ait Othmane,Damage,POINT (-8.346738125999934 31.101591475000077)
2023-09-10,Ait Othmane,Damage,POINT (-8.346970792999912 31.100624137000068)
2023-09-10,Ait Othmane,Damage,POINT (-8.34829848599992 31.100661305000074)
2023-09-10,Ait Othmane,Possible damage,POINT (-8.349351208999906 31.10096952300006)
2023-09-10,Ait Othmane,Possible damage,POINT (-8.34912288399994 31.098795049000046)
2023-09-10,Ait Othmane,Possible damage,POINT (-8.349334875999944 31.097637545000055)
2023-09-10,Ait Othmane,Possible damage,POINT (-8.348995507999916 31.098040431000072)
2023-09-10,Ait Othmane,Damage,POINT (-8.349650651999923 31.097127585000067)
2023-09-10,Ait Othmane,Damage,POINT (-8.348501881999937 31.097241917000076)
2023-09-10,Ait Othmane,Possible damage,POINT (-8.348779545999946 31.097218325000085)
2023-09-10,Ait Othmane,Possible damage,POINT (-8.348149809999938 31.09716932500004)
2023-09-10,Ait Othmane,Damage,POINT (-8.348988248999945 31.097672026000055)
2023-09-10,Ait Othmane,Damage,POINT (-8.343537331999926 31.17358111200008)
2023-09-10,Ait Othmane,Possible damage,POINT (-8.343737802999954 31.173243256000035)
2023-09-10,Ait Othmane,Damage,POINT (-8.343325646999915 31.173700273000065)
2023-09-10,Ait Othmane,Damage,POINT (-8.343265364999922 31.17362597300007)
2023-09-10,Ait Othmane,Possible damage,POINT (-8.351547743999959 31.16710717500007)
2023-09-10,Ait Othmane,Possible damage,POINT (-8.351428582999915 31.16709595900005)
2023-09-10,Ait Othmane,Possible damage,POINT (-8.349355183999933 31.16628395200007)
2023-09-10,Ait Othmane,Damage,POINT (-8.35857901099996 31.138587550000068)
2023-09-10,Ait Othmane,Damage,POINT (-8.358643809999933 31.138702193000086)
2023-09-10,Ait Othmane,Damage,POINT (-8.358083052999916 31.139113415000054)
2023-09-10,Ait Othmane,Damage,POINT (-8.358334770999932 31.13897384900008)
2023-09-10,Ait Othmane,Possible damage,POINT (-8.358207665999942 31.139061077000065)
2023-09-10,Ait Othmane,Damage,POINT (-8.358499956999935 31.138884825000048)
2023-09-10,Ait Othmane,Damage,POINT (-8.35849836199992 31.138956602000064)
2023-09-10,Ait Othmane,Possible damage,POINT (-8.35828941199992 31.138757222000038)
2023-09-10,Ait Othmane,Damage,POINT (-8.358464865999906 31.13865035400005)
2023-09-10,Ait Othmane,Damage,POINT (-8.379304084999944 31.150120299000037)
2023-09-10,Ait Othmane,Damage,POINT (-8.393652169999939 31.155296234000048)
2023-09-10,Ait Othmane,Damage,POINT (-8.392342802999906 31.154979406000052)
2023-09-10,Ait Othmane,Damage,POINT (-8.392976457999907 31.15518688600008)
2023-09-10,Ait Othmane,Damage,POINT (-8.385952920999955 31.16058517600004)
2023-09-10,Ait Othmane,Damage,POINT (-8.384721803999923 31.16117087500004)
2023-09-10,Ait Othmane,Damage,POINT (-8.369854096999916 31.108398158000057)
2023-09-10,Ait Othmane,Damage,POINT (-8.36980107699992 31.10828588000004)
2023-09-10,Ait Othmane,Possible damage,POINT (-8.368798371999958 31.108424668000055)
2023-09-10,Ait Othmane,Possible damage,POINT (-8.348427903999948 31.097101898000062)
2023-09-10,Ait Othmane,Possible damage,POINT (-8.348328100999936 31.097004559000084)
2023-09-10,Ait Othmane,Possible damage,POINT (-8.383628212999952 31.156338863000087)
2023-09-10,Ait Othmane,Damage,POINT (-8.382486326999924 31.169180504000053)
2023-09-10,Ait Othmane,Damage,POINT (-8.382057432999943 31.168743385000084)
2023-09-10,Ait Othmane,Damage,POINT (-8.382119710999916 31.168864415000087)
2023-09-10,Ait Othmane,Damage,POINT (-8.38259325699994 31.168616479000036)
2023-09-10,Ait Othmane,Damage,POINT (-8.382581505999951 31.168761011000072)
2023-09-10,Ait Othmane,Damage,POINT (-8.381554776999906 31.18397159400007)
2023-09-10,Ait Othmane,Possible damage,POINT (-8.338336737999953 31.17872145800004)
2023-09-10,Ait Othmane,Possible damage,POINT (-8.340570941999943 31.18188346900007)
2023-09-10,Ait Othmane,Possible damage,POINT (-8.321784360999914 31.191307647000087)
2023-09-10,Ait Othmane,Damage,POINT (-8.331054259999917 31.161324798000066)
2023-09-10,Ait Othmane,Possible damage,POINT (-8.330922112999929 31.161590577000084)
2023-09-10,Ait Othmane,Damage,POINT (-8.331285888999957 31.16157721400009)
2023-09-10,Ait Othmane,Possible damage,POINT (-8.33137052199993 31.161492580000072)
2023-09-10,Ait Othmane,Damage,POINT (-8.329406132999907 31.162221617000057)
2023-09-10,Ait Othmane,Possible damage,POINT (-8.329777332999925 31.161189681000053)
2023-09-10,Ait Othmane,Possible damage,POINT (-8.329700122999952 31.161110987000086)
2023-09-10,Ait Othmane,Damage,POINT (-8.329891661999909 31.161085745000037)
2023-09-10,Ait Othmane,Damage,POINT (-8.330031232999943 31.162882353000043)
2023-09-10,Ait Othmane,Damage,POINT (-8.304629287999944 31.16644735600005)
2023-09-10,Ait Othmane,Damage,POINT (-8.304918822999923 31.166420629000072)
2023-09-10,Ait Othmane,Possible damage,POINT (-8.304814886999907 31.166502293000065)
2023-09-10,Ait Othmane,Damage,POINT (-8.305339021999941 31.16596331100004)
2023-09-10,Ait Othmane,Damage,POINT (-8.305327142999943 31.166536444000087)
2023-09-10,Ait Othmane,Damage,POINT (-8.393442555999911 31.154908981000062)
2023-09-10,Ait Othmane,Damage,POINT (-8.393356436999909 31.15515842700006)
2023-09-10,Ait Othmane,Damage,POINT (-8.392766971999947 31.154857013000083)
2023-09-10,Ait Othmane,Damage,POINT (-8.393008993999956 31.155483598000046)
2023-09-10,Ait Othmane,Damage,POINT (-8.39302681199996 31.155131700000084)
2023-09-10,Ait Othmane,Damage,POINT (-8.393161928999916 31.15493125200004)
2023-09-10,Ait Othmane,Damage,POINT (-8.385517531999938 31.160964827000043)
2023-09-10,Ait Othmane,Damage,POINT (-8.384923612999955 31.160640027000056)
2023-09-10,Ait Othmane,Damage,POINT (-8.384515292999936 31.16144274700008)
2023-09-10,Ait Othmane,Damage,POINT (-8.385324971999921 31.161800027000083)
2023-09-10,Ait Othmane,Damage,POINT (-8.385438651999948 31.161793067000076)
2023-09-10,Ait Othmane,Damage,POINT (-8.385691531999953 31.16222922600008)
2023-09-10,Ait Othmane,Possible damage,POINT (-8.385946731999923 31.161523947000035)
2023-09-10,Ait Othmane,Damage,POINT (-8.38600009199996 31.161224667000056)
2023-09-10,Ait Othmane,Damage,POINT (-8.386496571999942 31.161020507000046)
2023-09-10,Ait Othmane,Damage,POINT (-8.386536011999908 31.160957867000036)
2023-09-10,Ait Othmane,Damage,POINT (-8.38552681199991 31.16168170700007)
2023-09-10,Ait Othmane,Possible damage,POINT (-8.329956168999956 31.160923902000036)
2023-09-10,Ait Othmane,Damage,POINT (-8.329787230999955 31.162483931000054)
2023-09-10,Ait Othmane,Damage,POINT (-8.328823761999956 31.162000877000082)
2023-09-10,Ait Othmane,Damage,POINT (-8.341830338999955 31.17660496600007)
2023-09-10,Ait Othmane,Damage,POINT (-8.341797079999935 31.176495685000077)
2023-09-10,Ait Othmane,Possible damage,POINT (-8.344386272999941 31.16902496700004)
2023-09-10,Ait Othmane,Possible damage,POINT (-8.333912993999945 31.17212126900006)
2023-09-10,Ait Othmane,Damage,POINT (-8.323432103999949 31.105322741000066)
2023-09-10,Ait Othmane,Damage,POINT (-8.323578065999925 31.105248859000085)
2023-09-10,Ait Othmane,Damage,POINT (-8.322830236999948 31.105618268000057)
2023-09-10,Ait Othmane,Damage,POINT (-8.322639225999922 31.105699358000038)
2023-09-10,Ait Othmane,Damage,POINT (-8.323185229999922 31.105520960000035)
2023-09-10,Ait Othmane,Damage,POINT (-8.323947474999954 31.10506865900004)
2023-09-10,Ait Othmane,Damage,POINT (-8.32324469599996 31.104369485000063)
2023-09-10,Ait Othmane,Damage,POINT (-8.322923940999942 31.104587526000046)
2023-09-10,Ait Othmane,Possible damage,POINT (-8.322525699999915 31.10447580300007)
2023-09-10,Ait Othmane,Damage,POINT (-8.321521987999915 31.10625076900004)
2023-09-10,Ait Othmane,Damage,POINT (-8.320898496999916 31.106021915000042)
2023-09-10,Ait Othmane,Damage,POINT (-8.320907506999959 31.106348077000064)
2023-09-10,Ait Othmane,Damage,POINT (-8.320725504999928 31.106465207000042)
2023-09-10,Ait Othmane,Damage,POINT (-8.320615583999938 31.106385919000047)
2023-09-10,Ait Othmane,Damage,POINT (-8.320990398999925 31.10654629600009)
2023-09-10,Ait Othmane,Possible damage,POINT (-8.321154380999928 31.106562514000075)
2023-09-10,Ait Othmane,Damage,POINT (-8.320644415999936 31.10664901000007)
2023-09-10,Ait Othmane,Damage,POINT (-8.32084083299992 31.106827408000072)
2023-09-10,Ait Othmane,Damage,POINT (-8.320606573999953 31.10678596200006)
2023-09-10,Ait Othmane,Damage,POINT (-8.320554315999914 31.106710278000037)
2023-09-10,Ait Othmane,Damage,POINT (-8.320413759999951 31.106685050000067)
2023-09-10,Ait Othmane,Damage,POINT (-8.320341679999956 31.10681479400006)
2023-09-10,Ait Othmane,Damage,POINT (-8.320489443999918 31.106831012000043)
2023-09-10,Ait Othmane,Damage,POINT (-8.320386729999939 31.10648322600008)
2023-09-10,Ait Othmane,Damage,POINT (-8.320320055999957 31.106603960000086)
2023-09-10,Ait Othmane,Damage,POINT (-8.321588661999954 31.106542692000062)
2023-09-10,Ait Othmane,Damage,POINT (-8.322233775999905 31.10725448100004)
2023-09-10,Ait Othmane,Damage,POINT (-8.32241397599995 31.107371611000076)
2023-09-10,Ait Othmane,Damage,POINT (-8.322352707999926 31.107297729000038)
2023-09-10,Ait Othmane,Damage,POINT (-8.317786448999925 31.117251957000065)
2023-09-10,Ait Othmane,Damage,POINT (-8.317620665999925 31.117572712000083)
2023-09-10,Ait Othmane,Damage,POINT (-8.317867538999906 31.11739431500007)
2023-09-10,Ait Othmane,Damage,POINT (-8.317568407999943 31.11708437100009)
2023-09-10,Ait Othmane,Damage,POINT (-8.317289097999947 31.118790862000083)
2023-09-10,Ait Othmane,Damage,POINT (-8.314744678999944 31.13475294600005)
2023-09-10,Ait Othmane,Damage,POINT (-8.314162634999946 31.13507009700004)
2023-09-10,Ait Othmane,Damage,POINT (-8.313913958999933 31.136461238000038)
2023-09-10,Ait Othmane,Damage,POINT (-8.312973316999944 31.136954985000045)
2023-09-10,Ait Othmane,Damage,POINT (-8.312998544999914 31.137039679000054)
2023-09-10,Ait Othmane,Damage,POINT (-8.313050802999953 31.13689732100005)
2023-09-10,Ait Othmane,Damage,POINT (-8.312692205999952 31.13725952300007)
2023-09-10,Ait Othmane,Damage,POINT (-8.312757076999958 31.13716762100006)
2023-09-10,Ait Othmane,Damage,POINT (-8.313162526999918 31.13695318300006)
2023-09-10,Ait Othmane,Possible damage,POINT (-8.313510311999948 31.137479366000036)
2023-09-10,Ait Othmane,Damage,POINT (-8.313149912999961 31.137969509000072)
2023-09-10,Ait Othmane,Damage,POINT (-8.312466955999923 31.138257829000054)
2023-09-10,Ait Othmane,Damage,POINT (-8.312501193999935 31.138147907000075)
2023-09-10,Ait Othmane,Damage,POINT (-8.312331805999918 31.138317295000036)
2023-09-10,Ait Othmane,Damage,POINT (-8.312068714999953 31.138010955000084)
2023-09-10,Ait Othmane,Damage,POINT (-8.31212998299992 31.137937073000046)
2023-09-10,Ait Othmane,Damage,POINT (-8.312584085999958 31.13861102000004)
2023-09-10,Ait Othmane,Damage,POINT (-8.312722838999946 31.138454246000038)
2023-09-10,Ait Othmane,Damage,POINT (-8.312971514999958 31.13858579200007)
2023-09-10,Ait Othmane,Damage,POINT (-8.31322919999991 31.138594802000057)
2023-09-10,Ait Othmane,Damage,POINT (-8.313232803999938 31.138493890000063)
2023-09-10,Ait Othmane,Damage,POINT (-8.312859790999937 31.138445236000052)
2023-09-10,Ait Othmane,Damage,POINT (-8.312293963999934 31.13850290000005)
2023-09-10,Ait Othmane,Damage,POINT (-8.31280933499994 31.138189353000087)
2023-09-10,Ait Othmane,Damage,POINT (-8.313077832999909 31.13772804200005)
2023-09-10,Ait Othmane,Possible damage,POINT (-8.31402748499994 31.137553248000074)
2023-09-10,Ait Othmane,Damage,POINT (-8.312666977999925 31.13827404700004)
2023-09-10,Ait Othmane,Possible damage,POINT (-8.31317874499996 31.138383968000085)
2023-09-10,Ait Othmane,Damage,POINT (-8.312014654999928 31.139632752000068)
2023-09-10,Ait Othmane,Damage,POINT (-8.311641641999927 31.14005441900008)
2023-09-10,Ait Othmane,Damage,POINT (-8.311780394999914 31.13984358600004)
2023-09-10,Ait Othmane,Possible damage,POINT (-8.311511897999935 31.139915665000046)
2023-09-10,Ait Othmane,Damage,POINT (-8.313332927999909 31.140344541000047)
2023-09-10,Ait Othmane,Damage,POINT (-8.36650882799995 31.16236673800006)
2023-09-10,Ait Othmane,Damage,POINT (-8.366213299999913 31.16240818400007)
2023-09-10,Ait Othmane,Damage,POINT (-8.366126803999919 31.162276638000037)
2023-09-10,Ait Othmane,Damage,POINT (-8.366305201999921 31.162357728000075)
2023-09-10,Ait Othmane,Possible damage,POINT (-8.36653045099996 31.162465848000068)
2023-09-10,Ait Othmane,Damage,POINT (-8.366411519999929 31.162543334000077)
2023-09-10,Ait Othmane,Damage,POINT (-8.366629560999911 31.161849565000068)
2023-09-10,Ait Othmane,Damage,POINT (-8.366773720999959 31.161653148000084)
2023-09-10,Ait Othmane,Possible damage,POINT (-8.36670704699992 31.16173604000005)
2023-09-10,Ait Othmane,Damage,POINT (-8.366649382999924 31.161784693000072)
2023-09-10,Ait Othmane,Damage,POINT (-8.36693590099992 31.16165855400004)
2023-09-10,Ait Othmane,Damage,POINT (-8.366815166999913 31.161811723000085)
2023-09-10,Ait Othmane,Damage,POINT (-8.34529572599996 31.162015349000058)
2023-09-10,Ait Othmane,Damage,POINT (-8.34542366799991 31.162006339000072)
2023-09-10,Ait Othmane,Damage,POINT (-8.345571431999929 31.161928853000063)
2023-09-10,Ait Othmane,Possible damage,POINT (-8.386694782999939 31.129158508000046)
2023-09-10,Ait Othmane,Damage,POINT (-8.374395204999928 31.126532110000085)
2023-09-10,Ait Othmane,Damage,POINT (-8.393713608999917 31.12761186000006)
2023-09-10,Ait Othmane,Damage,POINT (-8.393646424999929 31.12758050800005)
2023-09-10,Ait Othmane,Damage,POINT (-8.393482198999948 31.127550649000057)
2023-09-10,Ait Othmane,Possible damage,POINT (-8.394160003999957 31.127788029000044)
2023-09-10,Ait Othmane,Damage,POINT (-8.33984492299993 31.148057883000035)
2023-09-10,Ait Othmane,Damage,POINT (-8.340304475999915 31.15044895500006)
2023-09-10,Ait Othmane,Damage,POINT (-8.340178506999905 31.150476948000062)
2023-09-10,Ait Othmane,Damage,POINT (-8.34001288199994 31.150854854000045)
2023-09-10,Ait Othmane,Damage,POINT (-8.33716458999993 31.150941166000052)
2023-09-10,Ait Othmane,Possible damage,POINT (-8.337066613999923 31.15103680900006)
2023-09-10,Ait Othmane,Possible damage,POINT (-8.343416368999954 31.157353904000047)
2023-09-10,Ait Othmane,Damage,POINT (-8.34423647299991 31.142883031000054)
2023-09-10,Ait Othmane,Damage,POINT (-8.344278938999935 31.142786207000086)
2023-09-10,Ait Othmane,Damage,POINT (-8.344323104999944 31.142655411000078)
2023-09-10,Ait Othmane,Damage,POINT (-8.34439274999994 31.14255688800006)
2023-09-10,Ait Othmane,Damage,POINT (-8.344475983999928 31.142443078000042)
2023-09-10,Ait Othmane,Damage,POINT (-8.344481079999923 31.142320775000087)
2023-09-10,Azgour,Damage,POINT (-8.370381373999919 31.188003527000035)
2023-09-10,Azgour,Damage,POINT (-8.370359563999955 31.188087411000083)
2023-09-10,Ait Othmane,Possible damage,POINT (-8.39179706099992 31.157952779000084)
2023-09-10,Ait ’Otmane,Possible damage,POINT (-8.391599093999957 31.157580333000055)
2023-09-10,Ait Othmane,Damage,POINT (-8.391330462999917 31.157329015000073)
2023-09-10,Ait Othmane,Damage,POINT (-8.391367572999911 31.15196007800006)
2023-09-10,Ait Othmane,Damage,POINT (-8.392241648999914 31.153228410000054)
2023-09-10,Ait Othmane,Damage,POINT (-8.392328888999941 31.15392632800007)
2023-09-10,Ait ’Otmane,Possible damage,POINT (-8.393971344999954 31.15352032800007)
2023-09-10,Ait Othmane,Possible damage,POINT (-8.392862392999916 31.15429709700004)
2023-09-10,Ait ’Otmane,Possible damage,POINT (-8.393676071999948 31.154335684000046)
2023-09-10,Ait Othmane,Damage,POINT (-8.392854004999947 31.155023536000044)
2023-09-10,Ait ’Otmane,Possible damage,POINT (-8.392966409999929 31.155645958000036)
2023-09-10,Al Medinat,Possible damage,POINT (-8.35812754099993 31.106563518000087)
2023-09-10,Al Medinat,Possible damage,POINT (-8.35861071499994 31.106412526000042)
2023-09-10,Al Medinat,Damage,POINT (-8.358602326999915 31.107927479000068)
2023-09-10,Al Medinat,Damage,POINT (-8.358402681999905 31.10621959200006)
2023-09-10,Al Medinat,Damage,POINT (-8.35813257399991 31.10675813000006)
2023-09-10,Al Medinat,Damage,POINT (-8.362450942999942 31.111356673000046)
2023-09-10,Al Medinat,Damage,POINT (-8.36863322299996 31.10803988400005)
2023-09-10,Al Medinat,Possible damage,POINT (-8.370418282999935 31.10797613200009)
2023-09-10,Aït Dawd,Possible damage,POINT (-8.376748199999952 31.10627327800006)
2023-09-10,Tnirt,Possible damage,POINT (-8.321435093999924 31.106409683000038)
2023-09-10,Tnirt,Damage,POINT (-8.322000137999908 31.106287862000045)
2023-09-10,Tnirt,Damage,POINT (-8.32076896299992 31.106557424000073)
2023-09-10,Tnirt,Damage,POINT (-8.320653620999906 31.106549648000055)
2023-09-10,Tnirt,Possible damage,POINT (-8.320832465999956 31.105852414000083)
2023-09-10,Tnirt,Possible damage,POINT (-8.320693795999944 31.10599108300005)
2023-09-10,Tnirt,Possible damage,POINT (-8.32190553199996 31.10691900100005)
2023-09-10,Tnirt,Damage,POINT (-8.322274884999956 31.107017495000036)
2023-09-10,Anerni,Damage,POINT (-8.318296486999941 31.117239976000064)
2023-09-10,Anerni,Damage,POINT (-8.317648499999905 31.116992931000084)
2023-09-10,Anerni,Possible damage,POINT (-8.317832771999917 31.116905858000052)
2023-09-10,Anerni,Damage,POINT (-8.318089032999922 31.11978355900004)
2023-09-10,Anerni,Damage,POINT (-8.31788858899995 31.119652234000057)
2023-09-10,Anerni,Damage,POINT (-8.316851808999957 31.12003699400009)
2023-09-10,Anerni,Damage,POINT (-8.316743523999946 31.11998169900005)
2023-09-10,Al Medinat,Possible damage,POINT (-8.359502602999953 31.10791819700006)
2023-09-10,Al Medinat,Possible damage,POINT (-8.36112228299993 31.110199111000043)
2023-09-10,Ait Othmane,Damage,POINT (-8.392762127999958 31.154220089000034)
2023-09-10,Ait Othmane,Possible damage,POINT (-8.392813437999905 31.154152898000063)
2023-09-10,Ait ’Otmane,Damage,POINT (-8.393239794999943 31.155064253000035)
